url,search_word,start1,end1,start2,end2,start3,end3,start4,end4,start5,end5,start6,end6,start7,end7,start8,end8,start9,end9,start10,end10,start11,end11,start12,end12,start13,end13,start14,end14,start15,end15,start16,end16,start17,end17,start18,end18,start19,end19,start20,end20,start21,end21,start22,end22,start23,end23,start24,end24,start25,end25,start26,end26,start27,end27,start28,end28,start29,end29,start30,end30,start31,end31,start32,end32,start33,end33
C70Srb7hTlw,assemble_a_pc,2-54,2-59,3-35,3-39,3-54,3-59,4-20,4-23,,,,,,,,,,,,,,,,,,,,,,,,,,,,,,,,,,,,,,,,,,,,,,,,,,,,,,,,,,
ME-c9RMUXgk,assemble_a_pc,2-22,2-27,5-34,5-42,8-40,8-47,9-06,9-08,10-50,10-52,,,,,,,,,,,,,,,,,,,,,,,,,,,,,,,,,,,,,,,,,,,,,,,,,,,,,,,,
RUR3tLk9NSg,assemble_a_pc,2-54,2-59,3-10,3-13,3-38,3-41,5-06,5-10,,,,,,,,,,,,,,,,,,,,,,,,,,,,,,,,,,,,,,,,,,,,,,,,,,,,,,,,,,
UbbB2XsCffk,assemble_a_pc,1-57,2-06,5-40,5-43,8-54,9-02,9-24,9-30,,,,,,,,,,,,,,,,,,,,,,,,,,,,,,,,,,,,,,,,,,,,,,,,,,,,,,,,,,
tDX9c4VhoyE,assemble_a_pc,8-57,9-03,12-23,12-27,,,,,,,,,,,,,,,,,,,,,,,,,,,,,,,,,,,,,,,,,,,,,,,,,,,,,,,,,,,,,,
8HxMXHc8Nr0,assemble_bicycle,0-18,0-24,0-56,1-06,,,,,,,,,,,,,,,,,,,,,,,,,,,,,,,,,,,,,,,,,,,,,,,,,,,,,,,,,,,,,,
9_fexJd0B-0,assemble_bicycle,1-29,1-34,4-01,4-07,4-37,4-41,,,,,,,,,,,,,,,,,,,,,,,,,,,,,,,,,,,,,,,,,,,,,,,,,,,,,,,,,,,,
SETV-FALWl0,assemble_bicycle,3-55,4-00,5-33,5-39,,,,,,,,,,,,,,,,,,,,,,,,,,,,,,,,,,,,,,,,,,,,,,,,,,,,,,,,,,,,,,
SETV-FALWl0,disassemble_bicycle,3-45,3-49,,,,,,,,,,,,,,,,,,,,,,,,,,,,,,,,,,,,,,,,,,,,,,,,,,,,,,,,,,,,,,,,
XxgEVdP3WKU,assemble_bicycle,3-04,3-10,4-26,4-29,7-33,7-35,,,,,,,,,,,,,,,,,,,,,,,,,,,,,,,,,,,,,,,,,,,,,,,,,,,,,,,,,,,,
gQuDzuHymKw,assemble_bicycle,5-02,5-08,5-58,6-05,,,,,,,,,,,,,,,,,,,,,,,,,,,,,,,,,,,,,,,,,,,,,,,,,,,,,,,,,,,,,,
v-i2R8E21ag,assemble_bicycle,2-10,2-14,,,,,,,,,,,,,,,,,,,,,,,,,,,,,,,,,,,,,,,,,,,,,,,,,,,,,,,,,,,,,,,,
9UqOd7HhIE0,disassemble_engine,0-23,0-26,2-29,2-32,,,,,,,,,,,,,,,,,,,,,,,,,,,,,,,,,,,,,,,,,,,,,,,,,,,,,,,,,,,,,,
Hiszn6MkCRU,assemble_engine,2-24,2-33,2-46,2-51,4-53,5-00,6-41,6-47,,,,,,,,,,,,,,,,,,,,,,,,,,,,,,,,,,,,,,,,,,,,,,,,,,,,,,,,,,
LrbbIKkzgHc,assemble_engine,1-34,1-41,2-22,2-31,4-10,4-13,4-17,4-20,4-35,4-39,6-33,6-37,9-07,9-10,,,,,,,,,,,,,,,,,,,,,,,,,,,,,,,,,,,,,,,,,,,,,,,,,,,,
LrbbIKkzgHc,disassemble_engine,4-15,4-17,4-19,4-21,,,,,,,,,,,,,,,,,,,,,,,,,,,,,,,,,,,,,,,,,,,,,,,,,,,,,,,,,,,,,,
cladhLxL1C8,disassemble_engine,0-43,0-45,,,,,,,,,,,,,,,,,,,,,,,,,,,,,,,,,,,,,,,,,,,,,,,,,,,,,,,,,,,,,,,,
dNHhvPkNLz4,disassemble_engine,2-42,2-46,3-23,3-26,4-08,4-13,4-34,4-40,5-23,5-25,6-00,6-02,7-59,8-03,9-17,9-22,,,,,,,,,,,,,,,,,,,,,,,,,,,,,,,,,,,,,,,,,,,,,,,,,,
iZiqmp8pSis,assemble_engine,1-08,1-18,1-58,2-01,2-04,2-08,,,,,,,,,,,,,,,,,,,,,,,,,,,,,,,,,,,,,,,,,,,,,,,,,,,,,,,,,,,,
mpkW3WlZpl0,assemble_engine,2-04,2-09,2-18,2-23,,,,,,,,,,,,,,,,,,,,,,,,,,,,,,,,,,,,,,,,,,,,,,,,,,,,,,,,,,,,,,
wrdq-LIQdgU,disassemble_engine,5-17,5-20,,,,,,,,,,,,,,,,,,,,,,,,,,,,,,,,,,,,,,,,,,,,,,,,,,,,,,,,,,,,,,,,
wrdq-LIQdgU,assemble_engine,5-21,5-24,5-27,5-31,,,,,,,,,,,,,,,,,,,,,,,,,,,,,,,,,,,,,,,,,,,,,,,,,,,,,,,,,,,,,,
zzJIljltUCI,assemble_engine,1-04,1-08,1-26,1-31,6-06,6-12,7-35,7-40,9-05,9-09,,,,,,,,,,,,,,,,,,,,,,,,,,,,,,,,,,,,,,,,,,,,,,,,,,,,,,,,
4TioyVlasP8,free_kick_keeper_come_go,g_0-35,g_0-38,c_0-40,c_0-43,g_0-45,g_0-47,g_0-49,g_0-51,g_0-54,g_0-59,g_1-01,g_1-03,g_1-06,g_1-09,g_1-10,g_1-13,c_1-28,c_1-31,c_1-49,c_1-52,g_1-59,g_2-03,c_2-13,c_2-15,g_2-18,g_2-22,,,,,,,,,,,,,,,,,,,,,,,,,,,,,,,,,,,,,,,,
4VIv0AfgF6I,baseball_pitcher,c_0-14,c_0-17,c_0-29,c_0-32,c_0-35,c_0-38,c_0-41,c_0-44,c_0-48,c_0-51,c_1-03,c_1-06,c_1-06,c_1-10,c_1-12,c_1-16,c_1-22,c_1-25,c_1-42,c_1-45,c_2-09,c_2-12,c_2-22,c_2-25,c_2-28,c_2-32,c_2-37,c_2-39,c_2-48,c_2-51,c_2-52,c_2-56,,,,,,,,,,,,,,,,,,,,,,,,,,,,,,,,,,
CMv_ZVr4on0,baseball_pitcher,c_0-13,c_0-16,c_0-18,c_0-21,c_0-36,c_0-39,c_1-10,c_1-13,c_1-14,c_1-17,c_1-20,c_1-22,c_1-32,c_1-36,c_1-41,c_1-43,c_1-47,c_1-49,c_1-57,c_2-00,,,,,,,,,,,,,,,,,,,,,,,,,,,,,,,,,,,,,,,,,,,,,,
UevLeKdAOAw,baseball_pitcher,c_1-20,c_1-23,c_1-26,c_1-28,c_1-38,c_1-41,c_1-44,c_1-46,c_2-06,c_2-08,c_2-19,c_2-21,c_2-25,c_2-27,c_2-31,c_2-33,c_2-36,c_2-38,c_2-42,c_2-44,c_2-46,c_2-48,c_2-52,c_2-54,c_2-58,c_3-01,,,,,,,,,,,,,,,,,,,,,,,,,,,,,,,,,,,,,,,,
wRDuJmm7ZQ8,baseball_pitcher,g_1-26,g_1-28,g_1-32,g_1-34,g_1-50,g_1-52,g_1-55,g_1-57,g_2-06,g_2-08,g_2-12,g_2-14,g_2-17,g_2-19,g_2-22,g_2-24,g_2-35,g_2-37,g_2-41,g_2-43,g_2-44,g_2-46,,,,,,,,,,,,,,,,,,,,,,,,,,,,,,,,,,,,,,,,,,,,
AVnTl3dvf4c,baseball_pitching,g_0-39,g_0-42,g_0-43,g_0-45,g_0-47,g_0-49,g_0-52,g_0-54,g_0-57,g_0-59,g_1-01,g_1-04,g_1-05,g_1-08,g_1-11,g_1-13,g_1-50,g_1-52,g_2-12,g_2-14,g_2-59,g_3-01,g_4-26,g_4-28,g_4-30,g_4-32,g_4-33,g_4-35,g_4-41,g_4-43,g_4-45,g_4-47,g_4-51,g_4-53,g_5-00,g_5-02,g_5-28,g_5-30,g_5-57,g_5-59,g_6-01,g_6-03,g_6-30,g_6-32,g_7-10,g_7-12,,,,,,,,,,,,,,,,,,,,
Kz0GtxWHjCQ,baseball_pitching,g_1-14,g_1-16,g_1-19,g_1-21,c_1-25,c_1-28,g_1-34,g_1-36,g_1-45,g_1-47,c_1-47,c_1-50,g_1-55,g_1-57,g_2-21,g_2-24,g_2-33,g_2-37,g_2-46,g_2-48,g_2-56,g_2-58,g_3-08,g_3-10,g_3-23,g_3-25,g_3-55,g_3-57,g_4-06,g_4-09,g_4-37,g_4-39,g_4-50,g_4-52,g_5-19,g_5-21,g_5-29,g_5-31,,,,,,,,,,,,,,,,,,,,,,,,,,,,
fsdK7cQ3AtE,baseball_pitching,c_3-18,c_3-20,c_3-23,c_3-25,c_3-28,c_3-30,c_3-33,c_3-35,c_3-41,c_3-43,g_3-44,g_3-46,c_3-47,c_3-49,c_3-50,c_3-52,c_3-55,c_3-57,c_4-40,c_4-42,c_5-52,c_5-54,g_5-54,g_5-56,c_5-57,c_5-59,,,,,,,,,,,,,,,,,,,,,,,,,,,,,,,,,,,,,,,,
2sJJ4aL9KFw,catcher_baseball,c_1-29,c_1-32,g_1-32,g_1-34,c_1-37,c_1-39,g_1-39,g_1-42,c_1-53,c_1-55,g_1-55,g_1-58,c_2-04,c_2-07,c_2-14,c_2-16,g_2-16,g_2-18,c_2-22,c_2-24,c_2-28,c_2-30,g_2-30,g_2-32,c_2-35,c_2-37,g_2-37,g_2-39,c_3-10,c_3-12,g_3-12,g_3-15,c_3-25,c_3-27,g_3-27,g_3-30,c_3-40,c_3-42,g_3-42,g_3-45,,,,,,,,,,,,,,,,,,,,,,,,,,
70lzso-JQGQ,catcher_baseball,g_1-47,g_1-49,g_1-52,g_1-54,g_1-58,g_2-01,g_2-06,g_2-08,,,,,,,,,,,,,,,,,,,,,,,,,,,,,,,,,,,,,,,,,,,,,,,,,,,,,,,,,,
EQC40kNW8Yc,catcher_baseball,g_1-14,g_1-16,g_1-16,g_1-18,,,,,,,,,,,,,,,,,,,,,,,,,,,,,,,,,,,,,,,,,,,,,,,,,,,,,,,,,,,,,,
F-YM6TGcZsk,catcher_baseball,c_0-19,c_0-21,g_0-22,g_0-24,c_0-30,c_0-32,c_0-48,c_0-50,c_2-23,c_2-25,g_2-25,g_2-27,c_2-30,c_2-32,g_2-32,g_2-34,c_2-38,c_2-40,g_2-40,g_2-42,,,,,,,,,,,,,,,,,,,,,,,,,,,,,,,,,,,,,,,,,,,,,,
P-KEvbRhW3U,catcher_baseball,g_1-29,g_1-31,g_1-33,g_1-35,g_1-36,g_1-38,g_1-40,g_1-42,g_1-47,g_1-49,,,,,,,,,,,,,,,,,,,,,,,,,,,,,,,,,,,,,,,,,,,,,,,,,,,,,,,,
ZVa81d_lVYE,catcher_baseball,g_0-44,g_0-46,g_0-47,g_0-49,g_0-53,g_0-55,g_0-56,g_0-58,g_1-00,g_1-02,g_1-04,g_1-06,c_1-29,c_1-31,c_1-32,c_1-34,c_1-36,c_1-38,g_1-52,g_1-54,g_1-56,g_1-58,g_1-59,g_2-01,g_2-04,g_2-06,g_2-09,g_2-11,g_2-13,g_2-15,g_2-17,g_2-19,g_2-33,g_2-35,,,,,,,,,,,,,,,,,,,,,,,,,,,,,,,,
gYZxnSxlU2I,catcher_baseball,g_0-39,g_0-41,g_0-44,g_0-46,g_0-50,g_0-52,g_0-57,g_0-59,g_1-02,g_1-04,g_1-08,g_1-10,g_1-13,g_1-15,g_1-22,g_1-24,g_1-29,g_1-31,,,,,,,,,,,,,,,,,,,,,,,,,,,,,,,,,,,,,,,,,,,,,,,,
1sSlfH8LAq4,disassemble_a_pc,0-42,0-45,0-53,0-55,1-53,1-58,,,,,,,,,,,,,,,,,,,,,,,,,,,,,,,,,,,,,,,,,,,,,,,,,,,,,,,,,,,,
5pIY1CRDrjA,disassemble_a_pc,0-36,0-39,1-42,1-45,,,,,,,,,,,,,,,,,,,,,,,,,,,,,,,,,,,,,,,,,,,,,,,,,,,,,,,,,,,,,,
5uUGFq2LZYE,disassemble_a_pc,3-42,3-46,4-33,4-39,4-47,4-49,,,,,,,,,,,,,,,,,,,,,,,,,,,,,,,,,,,,,,,,,,,,,,,,,,,,,,,,,,,,
aNLlZZzhkvg,disassemble_a_pc,0-28,0-32,1-43,1-48,1-52,1-55,2-05,2-11,,,,,,,,,,,,,,,,,,,,,,,,,,,,,,,,,,,,,,,,,,,,,,,,,,,,,,,,,,
vFrq64UivLU,disassemble_a_pc,0-26,0-29,0-54,0-56,5-51,5-55,7-33,7-36,9-17,9-21,,,,,,,,,,,,,,,,,,,,,,,,,,,,,,,,,,,,,,,,,,,,,,,,,,,,,,,,
wEyjdzNP5m8,disassemble_a_pc,0-43,0-46,,,,,,,,,,,,,,,,,,,,,,,,,,,,,,,,,,,,,,,,,,,,,,,,,,,,,,,,,,,,,,,,
zWxiZut4m7A,disassemble_a_pc,0-43,0-46,1-52,1-59,,,,,,,,,,,,,,,,,,,,,,,,,,,,,,,,,,,,,,,,,,,,,,,,,,,,,,,,,,,,,,
0diS3LOiAoM,assemble_bicycle,0-38,0-44,1-22,1-25,3-48,4-00,4-21,4-28,,,,,,,,,,,,,,,,,,,,,,,,,,,,,,,,,,,,,,,,,,,,,,,,,,,,,,,,,,
0diS3LOiAoM,disassemble_bicycle,2-55,3-00,,,,,,,,,,,,,,,,,,,,,,,,,,,,,,,,,,,,,,,,,,,,,,,,,,,,,,,,,,,,,,,,
7yhTTonjPBc,disassemble_bicycle,0-45,0-48,1-13,1-18,1-40,1-43,1-44,1-49,,,,,,,,,,,,,,,,,,,,,,,,,,,,,,,,,,,,,,,,,,,,,,,,,,,,,,,,,,
B4ng5ZNmZJ8,disassemble_bicycle,0-15,0-18,0-22,0-26,1-03,1-08,2-07,2-15,2-29,2-32,2-50,3-02,3-05,3-10,,,,,,,,,,,,,,,,,,,,,,,,,,,,,,,,,,,,,,,,,,,,,,,,,,,,
HVWBEI1rvjk,disassemble_bicycle,1-03,1-09,2-20,2-23,2-31,2-36,3-56,4-04,,,,,,,,,,,,,,,,,,,,,,,,,,,,,,,,,,,,,,,,,,,,,,,,,,,,,,,,,,
SYanTi0Iy3E,disassemble_bicycle,1-40,1-44,,,,,,,,,,,,,,,,,,,,,,,,,,,,,,,,,,,,,,,,,,,,,,,,,,,,,,,,,,,,,,,,
SYanTi0Iy3E,assemble_bicycle,3-41,3-55,,,,,,,,,,,,,,,,,,,,,,,,,,,,,,,,,,,,,,,,,,,,,,,,,,,,,,,,,,,,,,,,
oJ70-iljRug,disassemble_bicycle,1-22,1-25,,,,,,,,,,,,,,,,,,,,,,,,,,,,,,,,,,,,,,,,,,,,,,,,,,,,,,,,,,,,,,,,
oJ70-iljRug,assemble_bicycle,6-09,6-12,,,,,,,,,,,,,,,,,,,,,,,,,,,,,,,,,,,,,,,,,,,,,,,,,,,,,,,,,,,,,,,,
p6IK4sK0gws,disassemble_bicycle,1-20,1-27,,,,,,,,,,,,,,,,,,,,,,,,,,,,,,,,,,,,,,,,,,,,,,,,,,,,,,,,,,,,,,,,
p6IK4sK0gws,assemble_bicycle,1-36,1-45,2-00,2-06,3-00,3-03,3-42,3-49,3-49,3-55,4-17,4-20,,,,,,,,,,,,,,,,,,,,,,,,,,,,,,,,,,,,,,,,,,,,,,,,,,,,,,
sRU25-pp1Hs,disassemble_bicycle,0-55,1-00,,,,,,,,,,,,,,,,,,,,,,,,,,,,,,,,,,,,,,,,,,,,,,,,,,,,,,,,,,,,,,,,
sl4JVCOmK7A,disassemble_bicycle,1-16,1-19,,,,,,,,,,,,,,,,,,,,,,,,,,,,,,,,,,,,,,,,,,,,,,,,,,,,,,,,,,,,,,,,
tZOYk9bZuL0,disassemble_bicycle,0-24,0-31,1-40,1-45,,,,,,,,,,,,,,,,,,,,,,,,,,,,,,,,,,,,,,,,,,,,,,,,,,,,,,,,,,,,,,
tZOYk9bZuL0,assemble_bicycle,0-40,0-52,1-46,1-50,,,,,,,,,,,,,,,,,,,,,,,,,,,,,,,,,,,,,,,,,,,,,,,,,,,,,,,,,,,,,,
zFYkSw5v6ZU,assemble_bicycle,5-51,5-56,6-13,6-19,6-59,7-04,8-03,8-07,8-07,8-11,9-13,9-18,9-58,10-02,10-40,10-45,11-00,11-12,11-23,11-27,12-07,12-12,,,,,,,,,,,,,,,,,,,,,,,,,,,,,,,,,,,,,,,,,,,,
zFYkSw5v6ZU,disassemble_bicycle,0-43,0-46,0-48,0-52,1-08,1-12,1-23,1-26,2-06,2-09,2-16,2-19,2-28,2-32,3-13,3-16,4-06,4-09,5-10,5-12,,,,,,,,,,,,,,,,,,,,,,,,,,,,,,,,,,,,,,,,,,,,,,
82Fo3Dr5Fek,disassemble_engine,1-30,1-33,1-48,1-51,1-50,1-52,4-06,4-10,4-20,4-23,5-16,5-22,,,,,,,,,,,,,,,,,,,,,,,,,,,,,,,,,,,,,,,,,,,,,,,,,,,,,,
A5jq_Oa6t1w,disassemble_engine,3-38,3-42,3-49,3-52,11-49,11-54,,,,,,,,,,,,,,,,,,,,,,,,,,,,,,,,,,,,,,,,,,,,,,,,,,,,,,,,,,,,
UGbIHhVe0Kg,assemble_engine,2-46,2-51,3-02,3-05,3-10,3-13,3-18,3-21,3-27,3-31,,,,,,,,,,,,,,,,,,,,,,,,,,,,,,,,,,,,,,,,,,,,,,,,,,,,,,,,
UGbIHhVe0Kg,disassemble_engine,1-20,1-24,1-41,1-45,,,,,,,,,,,,,,,,,,,,,,,,,,,,,,,,,,,,,,,,,,,,,,,,,,,,,,,,,,,,,,
_hYAWWyvwUI,disassemble_engine,2-54,2-56,,,,,,,,,,,,,,,,,,,,,,,,,,,,,,,,,,,,,,,,,,,,,,,,,,,,,,,,,,,,,,,,
_hYAWWyvwUI,assemble_engine,0-32,0-40,2-41,2-47,4-44,4-48,7-52,7-58,9-39,9-44,,,,,,,,,,,,,,,,,,,,,,,,,,,,,,,,,,,,,,,,,,,,,,,,,,,,,,,,
kR_jjlGFdrU,assemble_engine,5-17,5-20,5-33,5-36,,,,,,,,,,,,,,,,,,,,,,,,,,,,,,,,,,,,,,,,,,,,,,,,,,,,,,,,,,,,,,
kR_jjlGFdrU,disassemble_engine,4-53,4-56,5-28,5-31,5-40,5-43,7-22,7-26,8-34,8-37,8-44,8-48,10-00,10-04,,,,,,,,,,,,,,,,,,,,,,,,,,,,,,,,,,,,,,,,,,,,,,,,,,,,
yVXAWF75kno,disassemble_engine,0-15,0-18,1-15,1-18,2-00,2-03,2-04,2-06,3-13,3-16,4-28,4-31,5-30,5-33,,,,,,,,,,,,,,,,,,,,,,,,,,,,,,,,,,,,,,,,,,,,,,,,,,,,
NgPCfk6gR14,free_kick,g_0-18,g_0-21,g_0-34,g_0-36,g_0-44,g_0-46,g_0-48,g_0-51,g_1-27,g_1-29,g_1-31,g_1-33,g_1-45,g_1-47,g_1-49,g_1-53,g_1-54,g_1-56,g_2-06,g_2-09,g_2-21,g_2-23,g_2-25,g_2-27,c_0-01,c_0-03,c_0-38,c_0-39,c_0-52,c_0-55,c_0-56,c_1-01,c_1-11,c_1-13,c_1-22,c_1-24,c_1-35,c_1-38,c_1-41,c_1-44,c_1-58,c_2-01,c_2-10,c_2-12,c_2-14,c_2-16,c_2-17,c_2-20,,,,,,,,,,,,,,,,,,
HsG-YwmQHMA,free_kick_keeper,g_0-11,g_0-13,g_1-22,g_1-24,g_2-03,g_2-06,g_2-30,g_2-33,c_1-40,c_1-42,,,,,,,,,,,,,,,,,,,,,,,,,,,,,,,,,,,,,,,,,,,,,,,,,,,,,,,,
pBL3nkxAKec,free_kick_keeper,g_0-10,g_0-13,g_0-32,g_0-34,g_0-38,g_0-42,g_0-45,g_0-47,g_0-51,g_0-53,g_1-03,g_1-06,g_1-14,g_1-16,g_1-19,g_1-21,g_1-28,g_1-30,g_1-43,g_1-45,g_1-54,g_1-57,c_0-19,c_0-21,c_0-23,c_0-26,c_0-27,c_0-30,c_1-23,c_1-25,c_1-31,c_1-33,c_1-36,c_1-38,c_,c_,c_,c_,c_,c_,c_,c_,c_,c_,c_,c_,c_,c_,,,,,,,,,,,,,,,,,,
ix-PEiXZRqw,free_kick,g_0-27,g_0-29,g_0-50,g_0-53,g_1-38,g_1-41,g_1-45,g_1-47,g_1-48,g_1-51,g_1-54,g_1-56,c_0-36,c_0-37,c_0-38,c_0-40,c_0-42,c_0-44,c_0-45,c_0-47,c_0-55,c_0-56,c_0-58,c_1-00,c_1-02,c_1-04,c_1-06,c_1-08,c_1-09,c_1-11,c_1-13,c_1-15,c_1-17,c_1-20,c_1-21,c_1-23,c_1-30,c_1-34,c_1-42,c_1-44,c_2-11,c_2-13,c_,c_,c_,c_,c_,c_,,,,,,,,,,,,,,,,,,
-t3cURFIJs8,free_kick,c_0-17,c_0-19,c_0-23,c_0-28,,,,,,,,,,,,,,,,,,,,,,,,,,,,,,,,,,,,,,,,,,,,,,,,,,,,,,,,,,,,,,
30u-ISZZfnY,free_kick,g_0-07,g_0-10,,,,,,,,,,,,,,,,,,,,,,,,,,,,,,,,,,,,,,,,,,,,,,,,,,,,,,,,,,,,,,,,
3RWRLCDf7gk,free_kick,g_0-33,g_0-36,,,,,,,,,,,,,,,,,,,,,,,,,,,,,,,,,,,,,,,,,,,,,,,,,,,,,,,,,,,,,,,,
AGxCpb3sRd0,free_kick,g_0-24,g_0-26,,,,,,,,,,,,,,,,,,,,,,,,,,,,,,,,,,,,,,,,,,,,,,,,,,,,,,,,,,,,,,,,
OgjCKQyCvLc,free_kick,g_0-30,g_0-32,g_0-40,g_0-43,,,,,,,,,,,,,,,,,,,,,,,,,,,,,,,,,,,,,,,,,,,,,,,,,,,,,,,,,,,,,,
WFNPYpn0Dvg,free_kick,g_0-09,g_0-12,,,,,,,,,,,,,,,,,,,,,,,,,,,,,,,,,,,,,,,,,,,,,,,,,,,,,,,,,,,,,,,,
YkNhL7eMfEI,free_kick,g_0-30,g_0-32,c_1-03,c_1-06,,,,,,,,,,,,,,,,,,,,,,,,,,,,,,,,,,,,,,,,,,,,,,,,,,,,,,,,,,,,,,
YuA8z5E-gq4,free_kick,g_0-17,g_0-19,,,,,,,,,,,,,,,,,,,,,,,,,,,,,,,,,,,,,,,,,,,,,,,,,,,,,,,,,,,,,,,,
YzVEPUeFVpU,free_kick,g_0-21,g_0-23,,,,,,,,,,,,,,,,,,,,,,,,,,,,,,,,,,,,,,,,,,,,,,,,,,,,,,,,,,,,,,,,
cMmIgAORogw,free_kick,g_0-34,g_0-37,,,,,,,,,,,,,,,,,,,,,,,,,,,,,,,,,,,,,,,,,,,,,,,,,,,,,,,,,,,,,,,,
fm8CCys5mnw,free_kick,g_0-17,g_0-20,,,,,,,,,,,,,,,,,,,,,,,,,,,,,,,,,,,,,,,,,,,,,,,,,,,,,,,,,,,,,,,,
jDRjyIYEgLM,free_kick_keeper_come_go,g_0-01,g_0-04,c_0-08,c_0-11,g_0-45,g_0-48,c_0-48,c_0-51,g_2-00,g_2-03,c_2-06,c_2-09,g_2-11,g_2-13,c_2-16,c_2-19,g_2-46,g_2-49,c_2-50,c_2-52,,,,,,,,,,,,,,,,,,,,,,,,,,,,,,,,,,,,,,,,,,,,,,
oCZ2pSxZ5GQ,free_kick,c_0-47,c_0-49,g_1-01,g_1-03,c_1-23,c_1-25,c_1-33,c_1-35,c_1-51,c_1-53,c_2-02,c_2-04,c_2-13,c_2-15,c_2-15,c_2-17,c_2-30,c_2-32,g_2-39,g_2-41,g_2-41,g_2-44,g_2-55,g_2-57,c_3-01,c_3-04,c_3-04,c_3-06,g_3-17,g_3-19,c_3-47,c_3-50,c_4-16,c_4-18,c_4-34,c_4-37,c_4-56,c_4-59,g_5-50,g_5-54,g_5-54,g_5-56,,,,,,,,,,,,,,,,,,,,,,,,
391YooU_YMM,free_kick_keeper,g_0-22,g_0-25,g_0-25,g_0-29,c_0-35,c_0-37,c_0-37,c_0-40,c_0-43,c_0-45,g_0-47,g_0-50,g_0-50,g_0-53,c_0-59,c_1-02,g_1-13,g_1-17,c_1-21,c_1-23,g_1-25,g_1-27,c_1-33,c_1-35,c_1-36,c_1-38,c_1-41,c_1-43,c_1-49,c_1-51,c_1-51,c_1-54,c_1-55,c_1-57,g_1-57,g_1-59,g_2-01,g_2-04,c_2-04,c_2-06,g_2-07,g_2-09,c_2-11,c_2-14,g_2-17,g_2-21,g_2-24,g_2-26,g_2-26,g_2-28,c_2-29,c_2-31,g_2-34,g_2-37,c_2-38,c_2-40,c_2-40,c_2-42,g_2-43,g_2-45,c_2-54,c_2-57,,,,
4TioyVlasP8,free_kick_keeper,g_0-35,g_0-38,g_0-40,g_0-43,c_0-45,c_0-47,c_0-49,c_0-51,c_0-54,c_0-59,g_1-01,g_1-03,g_1-06,g_1-09,c_1-10,c_1-13,g_1-14,g_1-17,g_1-24,g_1-27,g_1-28,g_1-31,c_1-33,c_1-36,c_1-36,c_1-39,c_1-46,c_1-49,c_1-49,c_1-52,g_1-54,g_1-57,g_1-59,g_2-03,c_2-05,c_2-08,c_2-13,c_2-16,c_2-18,c_2-22,,,,,,,,,,,,,,,,,,,,,,,,,,
8RD8aUMRtvE,free_kick_keeper,c_1-56,c_1-59,c_2-11,c_2-13,g_2-21,g_2-23,c_2-25,c_2-27,c_2-31,c_2-33,g_2-35,g_2-37,c_2-43,c_2-45,c_2-52,c_2-55,g_2-56,g_2-58,g_3-05,g_3-07,g_3-13,g_3-16,c_3-26,c_3-28,c_3-33,c_3-35,g_3-37,g_3-39,g_3-56,g_3-59,g_4-07,g_4-09,c_4-22,c_4-24,c_4-27,c_4-30,g_4-39,g_4-41,c_4-42,c_4-45,g_4-48,g_4-50,c_5-04,c_5-06,c_5-06,c_5-09,c_5-22,c_5-24,,,,,,,,,,,,,,,,,,
92Qd9o73bVc,free_kick_keeper,g_6-08,g_6-11,g_6-14,g_6-16,,,,,,,,,,,,,,,,,,,,,,,,,,,,,,,,,,,,,,,,,,,,,,,,,,,,,,,,,,,,,,
PzkGfMvf6xk,free_kick_keeper,g_3-09,g_3-12,c_3-14,c_3-17,g_3-19,g_3-22,c_3-23,c_3-26,c_3-28,c_3-31,g_3-33,g_3-36,g_3-38,g_3-41,g_3-44,g_3-47,c_4-09,c_4-13,c_4-14,c_4-16,c_4-18,c_4-21,g_4-25,g_4-28,g_4-30,g_4-32,c_5-09,c_5-11,g_5-12,g_5-15,g_5-19,g_5-21,c_5-37,c_5-40,g_5-42,g_5-45,c_5-47,c_5-50,c_5-51,c_5-54,c_6-08,c_6-12,c_6-42,c_6-45,g_6-59,g_7-02,g_7-11,g_7-14,g_7-40,g_7-43,c_7-44,c_7-47,g_7-59,g_8-02,,,,,,,,,,,,
QCl1TYJl78w,free_kick_keeper,g_5-52,g_5-55,c_5-59,c_6-02,c_6-06,c_6-09,g_6-13,g_6-16,g_6-20,g_6-23,c_6-41,c_6-44,g_6-45,g_6-48,c_6-50,c_6-52,g_6-53,g_6-56,g_6-59,g_7-02,g_7-04,g_7-06,g_7-07,g_7-10,c_7-34,c_7-36,g_7-37,g_7-40,c_7-41,c_7-44,c_7-46,c_7-49,c_7-50,c_7-52,c_7-53,c_7-56,g_8-31,g_8-33,g_8-34,g_8-37,g_8-37,g_8-41,,,,,,,,,,,,,,,,,,,,,,,,
QCl1TYJl78w,free_kick_keeper_come_go,g_6-45,g_6-48,g_6-50,g_6-52,g_6-53,g_6-56,c_6-59,c_7-02,g_7-50,g_7-52,g_7-53,g_7-56,c_8-01,c_8-04,,,,,,,,,,,,,,,,,,,,,,,,,,,,,,,,,,,,,,,,,,,,,,,,,,,,
hWnC_lqt2nw,free_kick_keeper,c_0-08,c_0-10,c_0-10,c_0-12,c_0-14,c_0-16,c_0-27,c_0-28,g_0-34,g_0-37,c_0-43,c_0-47,c_0-50,c_0-52,g_0-56,g_1-00,g_1-09,g_1-12,g_1-12,g_1-14,c_1-21,c_1-23,g_1-30,g_1-32,,,,,,,,,,,,,,,,,,,,,,,,,,,,,,,,,,,,,,,,,,
hWnC_lqt2nw,free_kick_keeper_come_go,g_0-08,g_0-10,c_0-10,c_0-12,c_0-30,c_0-32,g_0-34,g_0-37,g_1-12,g_1-14,c_1-14,c_1-16,g_1-40,g_1-42,,,,,,,,,,,,,,,,,,,,,,,,,,,,,,,,,,,,,,,,,,,,,,,,,,,,
pz9vfCE8YxQ,free_kick_keeper,g_2-16,g_2-19,c_4-33,c_4-36,c_4-39,c_4-42,c_5-20,c_5-23,g_5-49,g_5-52,c_6-58,c_7-01,c_7-14,c_7-16,c_7-24,c_7-27,g_7-40,g_7-43,,,,,,,,,,,,,,,,,,,,,,,,,,,,,,,,,,,,,,,,,,,,,,,,
yLaN1GImSf4,free_kick_keeper,c_2-18,c_2-22,g_2-28,g_2-31,c_2-33,c_2-36,c_2-37,c_2-40,c_2-42,c_2-46,c_2-49,c_2-52,c_2-52,c_2-55,g_3-11,g_3-15,g_3-23,g_3-27,c_3-28,c_3-31,c_4-04,c_4-07,g_4-07,g_4-10,c_4-11,c_4-14,g_4-16,g_4-18,c_4-52,c_4-55,c_4-56,c_4-59,c_5-00,c_5-03,c_5-03,c_5-06,g_5-07,g_5-10,c_5-11,c_5-14,,,,,,,,,,,,,,,,,,,,,,,,,,
8qOH3GoCjG0,lego_build,0-06,0-11,0-12,0-19,0-30,0-38,0-46,0-55,0-56,1-12,,,,,,,,,,,,,,,,,,,,,,,,,,,,,,,,,,,,,,,,,,,,,,,,,,,,,,,,
AU7qvdIXxoI,lego_build,1-11,1-29,1-33,1-50,1-58,2-16,2-25,2-46,,,,,,,,,,,,,,,,,,,,,,,,,,,,,,,,,,,,,,,,,,,,,,,,,,,,,,,,,,
GVn6PbzmabU,lego_build,0-01,0-45,0-52,0-55,0-57,1-13,1-16,1-39,1-43,1-54,2-04,2-07,2-11,2-16,2-26,2-29,4-40,4-54,5-12,5-25,7-10,7-58,8-04,8-26,8-40,8-53,9-00,9-19,9-32,9-44,,,,,,,,,,,,,,,,,,,,,,,,,,,,,,,,,,,,
GrUEMRudapo,lego_build,0-33,0-36,0-59,1-09,5-12,5-43,,,,,,,,,,,,,,,,,,,,,,,,,,,,,,,,,,,,,,,,,,,,,,,,,,,,,,,,,,,,
RbZIP5Olze4,lego_build,0-25,0-37,0-39,0-44,0-53,1-15,,,,,,,,,,,,,,,,,,,,,,,,,,,,,,,,,,,,,,,,,,,,,,,,,,,,,,,,,,,,
q91K4KcVSy0,lego_build,0-30,0-32,0-35,0-38,0-48,0-55,1-09,1-14,2-28,2-31,2-49,2-51,2-52,2-55,2-56,2-59,3-06,3-09,3-19,3-22,4-00,4-03,4-08,4-10,4-23,4-26,4-27,4-30,4-37,4-42,4-49,4-52,,,,,,,,,,,,,,,,,,,,,,,,,,,,,,,,,,
tOnyTA-Y7uI,lego_build,0-30,0-36,0-40,0-49,0-50,1-15,,,,,,,,,,,,,,,,,,,,,,,,,,,,,,,,,,,,,,,,,,,,,,,,,,,,,,,,,,,,
2vjkmozWQaI,lego_disassemble,0-00,0-04,0-05,0-07,0-08,0-11,0-11,0-17,0-17,0-21,0-26,0-30,,,,,,,,,,,,,,,,,,,,,,,,,,,,,,,,,,,,,,,,,,,,,,,,,,,,,,
CvnvT3ZEa2E,lego_disassemble,0-40,0-55,,,,,,,,,,,,,,,,,,,,,,,,,,,,,,,,,,,,,,,,,,,,,,,,,,,,,,,,,,,,,,,,
iCMwuWgO4ok,lego_disassemble,2-17,2-20,2-44,2-52,,,,,,,,,,,,,,,,,,,,,,,,,,,,,,,,,,,,,,,,,,,,,,,,,,,,,,,,,,,,,,
qrWK3PbzEGs,lego_disassemble,5-24,5-44,,,,,,,,,,,,,,,,,,,,,,,,,,,,,,,,,,,,,,,,,,,,,,,,,,,,,,,,,,,,,,,,
ucKiRD6U1LU,lego_disassemble,0-12,0-25,0-34,0-38,,,,,,,,,,,,,,,,,,,,,,,,,,,,,,,,,,,,,,,,,,,,,,,,,,,,,,,,,,,,,,
1uVB-ovdV5Q,smartphone_disassemble,1-20,1-24,1-43,1-50,6-25,6-28,,,,,,,,,,,,,,,,,,,,,,,,,,,,,,,,,,,,,,,,,,,,,,,,,,,,,,,,,,,,
1uVB-ovdV5Q,smartphone_assemble,5-47,5-52,6-09,6-15,7-05,7-10,,,,,,,,,,,,,,,,,,,,,,,,,,,,,,,,,,,,,,,,,,,,,,,,,,,,,,,,,,,,
6jbSU8jI9dc,smartphone_disassemble,1-50,1-56,4-01,4-06,5-46,5-51,7-18,7-22,8-10,8-13,8-40,8-47,,,,,,,,,,,,,,,,,,,,,,,,,,,,,,,,,,,,,,,,,,,,,,,,,,,,,,
KP61xFle1fo,smartphone_assemble,0-00,0-06,,,,,,,,,,,,,,,,,,,,,,,,,,,,,,,,,,,,,,,,,,,,,,,,,,,,,,,,,,,,,,,,
Ql0NO1ul4Xc,smartphone_assemble,0-08,0-15,,,,,,,,,,,,,,,,,,,,,,,,,,,,,,,,,,,,,,,,,,,,,,,,,,,,,,,,,,,,,,,,
SWzaZY3GAWk,smartphone_assemble,0-30,0-38,4-11,4-19,8-36,8-48,,,,,,,,,,,,,,,,,,,,,,,,,,,,,,,,,,,,,,,,,,,,,,,,,,,,,,,,,,,,
gBL-u53sy_o,smartphone_assemble,1-20,1-26,1-37,1-42,3-08,3-11,3-13,3-16,3-54,4-00,,,,,,,,,,,,,,,,,,,,,,,,,,,,,,,,,,,,,,,,,,,,,,,,,,,,,,,,
pc-iONyCpQA,smartphone_assemble,0-38,0-46,1-00,1-08,1-20,1-28,,,,,,,,,,,,,,,,,,,,,,,,,,,,,,,,,,,,,,,,,,,,,,,,,,,,,,,,,,,,
pc-iONyCpQA,smartphone_disassemble,0-23,0-28,,,,,,,,,,,,,,,,,,,,,,,,,,,,,,,,,,,,,,,,,,,,,,,,,,,,,,,,,,,,,,,,
vyl89Fy55pw,smartphone_assemble,0-01,0-05,0-52,0-54,,,,,,,,,,,,,,,,,,,,,,,,,,,,,,,,,,,,,,,,,,,,,,,,,,,,,,,,,,,,,,
PmpHdqRUlDA,smartphone_disassemble,3-14,3-18,9-06,9-09,9-33,9-37,,,,,,,,,,,,,,,,,,,,,,,,,,,,,,,,,,,,,,,,,,,,,,,,,,,,,,,,,,,,
PzssUuJzz1k,smartphone_assemble,3-46,3-52,,,,,,,,,,,,,,,,,,,,,,,,,,,,,,,,,,,,,,,,,,,,,,,,,,,,,,,,,,,,,,,,
PzssUuJzz1k,smartphone_disassemble,3-18,3-21,,,,,,,,,,,,,,,,,,,,,,,,,,,,,,,,,,,,,,,,,,,,,,,,,,,,,,,,,,,,,,,,
aOVNEQQDaCM,smartphone_disassemble,0-34,0-36,0-48,0-52,2-06,2-12,3-52,3-55,4-47,4-50,,,,,,,,,,,,,,,,,,,,,,,,,,,,,,,,,,,,,,,,,,,,,,,,,,,,,,,,
km1pccxT6tU,smartphone_disassemble,0-13,0-17,0-20,0-22,0-43,0-46,0-59,1-03,1-09,1-12,1-29,1-32,,,,,,,,,,,,,,,,,,,,,,,,,,,,,,,,,,,,,,,,,,,,,,,,,,,,,,
pt8x1FOXXaM,smartphone_disassemble,0-43,0-45,2-24,2-33,4-02,4-07,7-48,7-59,9-38,9-42,,,,,,,,,,,,,,,,,,,,,,,,,,,,,,,,,,,,,,,,,,,,,,,,,,,,,,,,
wI0gWAjwFEY,smartphone_assemble,8-48,8-55,,,,,,,,,,,,,,,,,,,,,,,,,,,,,,,,,,,,,,,,,,,,,,,,,,,,,,,,,,,,,,,,
wI0gWAjwFEY,smartphone_disassemble,1-16,1-20,3-13,3-16,3-38,3-43,,,,,,,,,,,,,,,,,,,,,,,,,,,,,,,,,,,,,,,,,,,,,,,,,,,,,,,,,,,,
6tHvH9_Nbns,basketball_game,c_0-29,c_0-32,c_0-50,c_0-53,c_1-07,c_1-09,c_1-26,c_1-29,g_1-40,g_1-43,c_2-06,c_2-09,c_2-27,c_2-29,c_2-48,c_2-50,g_3-03,g_3-05,g_4-13,g_4-16,g_4-54,g_4-56,c_5-06,c_5-09,g_5-13,g_5-16,g_5-23,g_5-26,c_5-34,c_5-37,c_5-38,c_5-40,c_6-11,c_6-14,c_6-39,c_6-41,c_7-11,c_7-14,g_7-23,g_7-26,g_7-33,g_7-35,c_7-55,c_7-57,g_7-57,g_7-59,g_8-28,g_8-31,c_8-37,c_8-40,g_8-47,g_8-49,c_9-41,c_9-43,g_9-51,g_9-53,,,,,,,,,,
xXDnw5aPpvg,basketball_game,g_2-09,g_2-12,g_2-19,g_2-22,g_2-43,g_2-45,g_2-56,g_2-58,c_3-08,c_3-10,g_3-15,g_3-17,g_3-25,g_3-27,g_3-34,g_3-36,c_3-51,c_3-53,g_4-05,g_4-07,g_4-14,g_4-16,c_4-23,c_4-25,g_4-28,g_4-30,g_4-54,g_4-56,,,,,,,,,,,,,,,,,,,,,,,,,,,,,,,,,,,,,,
4U1fwTPMUOo,basketball_game,g_0-38,g_0-41,c_0-48,c_0-51,g_1-04,g_1-07,g_1-22,g_1-24,g_1-32,g_1-34,c_1-46,c_1-48,c_2-01,c_2-04,g_2-10,g_2-12,c_2-33,c_2-35,c_2-53,c_2-55,g_2-55,g_2-57,g_3-12,g_3-14,c_3-30,c_3-33,c_3-59,c_4-01,g_4-06,g_4-08,g_4-30,g_4-32,c_4-36,c_4-38,c_4-48,c_4-51,g_4-59,g_5-01,,,,,,,,,,,,,,,,,,,,,,,,,,,,
Fh3IPrbM8Z0,basketball_game,g_0-32,g_0-38,c_1-06,c_1-08,c_1-12,c_1-15,g_1-31,g_1-36,g_1-49,g_1-54,g_2-09,g_2-13,c_2-37,c_2-41,g_2-41,g_2-43,c_3-17,c_3-22,g_3-34,g_3-37,g_4-11,g_4-13,c_4-51,c_4-54,g_5-03,g_5-07,g_5-36,g_5-39,g_6-10,g_6-12,c_6-33,c_6-36,c_6-44,c_6-47,g_6-53,g_6-55,g_7-05,g_7-07,c_7-18,c_7-22,c_7-55,c_7-58,c_8-13,c_8-16,c_8-33,c_8-36,c_8-48,c_8-52,c_8-56,c_8-59,g_9-22,g_9-25,c_9-33,c_9-35,c_9-39,c_9-42,,,,,,,,,,
6Tolk4X_NuY,basketball_game,c_0-00,c_0-03,c_0-08,c_0-11,c_0-38,c_0-41,c_1-03,c_1-06,g_1-10,g_1-12,c_1-19,c_1-22,c_1-32,c_1-35,g_1-45,g_1-47,c_2-25,c_2-28,g_2-31,g_2-33,g_2-45,g_2-48,c_3-10,c_3-12,g_3-23,g_3-27,g_4-08,g_4-10,c_4-47,c_4-49,c_5-09,c_5-11,g_5-47,g_5-51,c_6-22,c_6-25,g_6-48,g_6-51,g_7-03,g_7-06,g_7-19,g_7-22,g_7-36,g_7-38,c_7-56,c_7-58,c_9-11,c_9-13,g_9-13,g_9-15,g_9-32,g_9-35,,,,,,,,,,,,,,
AMXfxH28zFs,basketball_game,c_0-10,c_0-12,c_0-39,c_0-41,c_0-45,c_0-47,c_1-06,c_1-08,c_1-16,c_1-18,g_2-09,g_2-12,g_2-25,g_2-27,g_2-53,g_2-56,c_3-26,c_3-28,g_3-32,g_3-35,c_3-44,c_3-46,c_4-10,c_4-13,g_4-23,g_4-25,c_5-01,c_5-03,g_5-04,g_5-06,,,,,,,,,,,,,,,,,,,,,,,,,,,,,,,,,,,,
kVMwVDt9Afs,basketball_game,g_2-36,g_2-39,g_3-47,g_3-48,g_6-49,g_6-52,g_7-41,g_7-43,g_8-59,g_9-02,g_9-18,g_9-21,g_9-48,g_9-50,g_10-05,g_10-08,c_2-20,c_2-22,c_3-40,c_3-42,c_4-00,c_4-02,c_4-29,c_4-31,c_4-39,c_4-41,c_4-50,c_4-54,c_5-34,c_5-37,c_5-47,c_5-49,c_5-49,c_5-50,c_5-57,c_5-59,c_6-21,c_6-25,c_6-34,c_6-37,c_8-09,c_8-12,c_8-33,c_8-35,c_9-14,c_9-17,c_9-34,c_9-38,c_,c_,c_,c_,,,,,,,,,,,,,,
Gj_3QwNWm_g,basketball_game,g_1-06,g_1-08,g_1-26,g_1-30,g_1-55,g_1-57,g_2-14,g_2-16,g_3-23,g_3-26,g_3-45,g_3-46,g_4-23,g_4-26,g_5-50,g_5-53,g_7-45,g_7-48,g_8-47,g_8-50,c_2-34,c_2-37,c_2-43,c_2-46,c_3-17,c_3-20,c_3-54,c_3-56,c_3-56,c_3-57,c_3-57,c_3-59,c_4-02,c_4-04,c_4-42,c_4-45,c_5-00,c_5-03,c_5-11,c_5-14,c_6-40,c_6-43,c_7-16,c_7-18,c_7-23,c_7-26,c_7-59,c_8-01,c_8-06,c_8-08,c_8-20,c_8-23,c_,c_,c_,c_,,,,,,,,,,
SGfkKAzV9X4,basketball_game,g_0-51,g_0-52,g_1-35,g_1-37,g_1-47,g_1-50,g_3-58,g_4-01,g_4-44,g_4-47,g_5-18,g_5-21,g_5-54,g_5-56,g_6-11,g_6-13,g_6-44,g_6-46,g_7-41,g_7-44,c_0-41,c_0-43,c_0-48,c_0-50,c_1-09,c_1-10,c_2-19,c_2-22,c_2-33,c_2-35,c_2-36,c_2-38,c_2-55,c_2-57,c_3-24,c_3-27,c_3-31,c_3-34,c_3-40,c_3-42,c_3-47,c_3-50,c_4-25,c_4-27,c_4-36,c_4-40,c_5-02,c_5-04,c_5-38,c_5-40,c_5-45,c_5-48,c_6-04,c_6-07,c_6-28,c_6-30,c_7-03,c_7-04,c_7-10,c_7-13,c_7-23,c_7-25,c_7-30,c_7-33,c_,c_
ypeNuo5NGkM,basketball_game,g_1-01,g_1-03,g_1-53,g_1-56,g_2-48,g_2-51,g_3-41,g_3-43,g_6-37,g_6-40,c_0-13,c_0-16,c_0-33,c_0-35,c_0-49,c_0-52,c_1-21,c_1-23,c_2-40,c_2-42,c_4-06,c_4-09,c_5-22,c_5-24,c_5-44,c_5-46,c_6-07,c_6-10,c_6-11,c_6-13,c_6-59,c_7-00,c_7-28,c_7-30,c_,c_,c_,c_,c_,c_,c_,c_,c_,c_,c_,c_,,,,,,,,,,,,,,,,,,,,
zdx03GoSCjQ,basketball_game,g_0-44,g_0-46,g_1-07,g_1-10,g_1-49,g_1-51,g_2-39,g_2-41,g_3-08,g_3-09,g_3-14,g_3-16,g_4-37,g_4-41,g_4-48,g_4-51,g_5-41,g_5-43,g_5-48,g_5-51,g_6-16,g_6-19,g_6-44,g_6-47,g_7-19,g_7-23,g_7-34,g_7-36,c_0-14,c_0-18,c_0-36,c_0-39,c_0-39,c_0-40,c_0-58,c_1-01,c_1-31,c_1-35,c_2-05,c_2-07,c_2-29,c_2-32,c_2-37,c_2-39,c_2-45,c_2-48,c_2-52,c_2-55,c_3-06,c_3-08,c_3-31,c_3-34,c_3-45,c_3-48,c_4-08,c_4-11,c_4-15,c_4-17,c_4-21,c_4-23,c_4-28,c_4-31,c_5-07,c_5-09,c_5-17,c_5-20
A6oXsahqJIM,basketball_game,g_0-40,g_0-42,g_1-25,g_1-27,g_2-05,g_2-08,g_2-24,g_2-26,g_4-29,g_4-33,g_4-59,g_5-01,g_5-51,g_5-54,g_6-07,g_6-11,g_6-22,g_6-25,g_6-32,g_6-34,g_7-50,g_7-52,c_0-30,c_0-34,c_0-59,c_1-02,c_1-07,c_1-10,c_1-15,c_1-18,c_4-20,c_4-22,c_5-17,c_5-19,c_5-23,c_5-25,c_6-58,c_7-01,c_7-15,c_7-18,c_7-22,c_7-24,c_7-32,c_7-35,c_8-14,c_8-17,c_,c_,c_,c_,c_,c_,c_,c_,c_,c_,c_,c_,,,,,,,,
xTdZ6qC9fNY,basketball_game,g_1-17,g_1-19,g_1-58,g_2-02,g_4-06,g_4-09,g_4-23,g_4-26,g_5-18,g_5-20,g_6-00,g_6-03,c_0-28,c_0-31,c_0-52,c_0-54,c_1-10,c_1-12,c_1-24,c_1-26,c_3-40,c_3-42,c_4-31,c_4-34,c_4-52,c_4-55,c_4-57,c_4-59,c_5-35,c_5-37,c_5-37,c_5-38,c_7-14,c_7-16,c_7-36,c_7-38,c_,c_,c_,c_,c_,c_,c_,c_,c_,c_,c_,c_,,,,,,,,,,,,,,,,,,
c8cI3LNym6s,basketball_game,g_1-58,g_2-02,g_2-28,g_2-31,g_3-18,g_3-21,g_4-54,g_4-58,g_8-46,g_8-47,c_2-12,c_2-14,c_3-06,c_3-09,c_3-36,c_3-38,c_5-08,c_5-11,c_5-22,c_5-25,c_5-35,c_5-37,c_5-48,c_5-51,c_6-27,c_6-29,c_6-54,c_6-56,c_7-12,c_7-14,c_7-14,c_7-17,c_7-39,c_7-42,c_7-58,c_8-01,c_8-16,c_8-18,c_8-18,c_8-19,c_8-23,c_8-25,c_8-39,c_8-42,c_8-43,c_8-45,c_9-23,c_9-25,c_,c_,c_,c_,c_,c_,c_,c_,,,,,,,,,,
35apvOWROc8,handball_game,g_0-33,g_0-35,g_1-03,g_1-06,g_2-06,g_2-08,g_2-48,g_2-50,g_3-01,g_3-02,g_3-31,g_3-33,g_3-47,g_3-49,g_4-13,g_4-15,g_4-51,g_4-53,g_6-24,g_6-27,g_6-59,g_7-01,g_7-26,g_7-28,g_8-03,g_8-05,g_8-55,g_8-57,g_10-36,g_10-38,g_10-52,g_10-54,g_11-37,g_11-39,g_11-59,g_12-01,c_1-49,c_1-51,c_2-41,c_2-42,c_4-34,c_4-36,c_4-49,c_4-50,c_5-16,c_5-18,c_6-44,c_6-46,c_6-56,c_6-57,c_7-15,c_7-18,c_7-52,c_7-55,c_8-14,c_8-16,c_9-17,c_9-21,c_10-07,c_10-09,c_,c_,c_,c_,c_,c_
EyuF7jw7HB4,handball_game,g_0-43,g_0-44,g_1-31,g_1-34,g_4-28,g_4-30,g_6-49,g_6-51,g_8-24,g_8-26,g_8-57,g_8-59,g_9-41,g_9-44,g_10-15,g_10-17,g_10-43,g_10-45,c_0-30,c_0-33,c_2-26,c_2-29,c_2-58,c_2-59,c_4-12,c_4-15,c_5-57,c_6-00,c_6-30,c_6-31,c_7-16,c_7-17,c_7-58,c_8-01,c_11-12,c_11-14,c_12-02,c_12-03,c_,c_,c_,c_,c_,c_,c_,c_,c_,c_,c_,c_,c_,c_,c_,c_,,,,,,,,,,,,
rqIPyxDIGPw,handball_game,g_2-49,g_2-51,g_3-17,g_3-19,g_3-31,g_3-33,g_3-50,g_3-52,g_4-08,g_4-11,g_5-17,g_5-18,g_6-00,g_6-02,g_7-46,g_7-48,g_8-55,g_8-58,g_9-27,g_9-29,g_11-48,g_11-50,g_12-22,g_12-24,c_1-30,c_1-32,c_2-43,c_2-45,c_4-36,c_4-38,c_7-12,c_7-14,c_8-41,c_8-44,c_10-06,c_10-08,c_13-01,c_13-02,c_13-07,c_13-11,,,,,,,,,,,,,,,,,,,,,,,,,,
LYtCwsDf8aA,handball_game,g_2-38,g_2-41,g_4-09,g_4-11,g_5-12,g_5-14,g_5-31,g_5-34,g_6-11,g_6-13,g_8-13,g_8-15,g_9-09,g_9-11,g_9-22,g_9-24,g_10-29,g_10-31,g_14-15,g_14-17,c_3-12,c_3-13,c_3-16,c_3-17,c_3-51,c_3-54,c_4-33,c_4-35,c_5-29,c_5-31,c_6-00,c_6-02,c_6-56,c_6-57,c_7-25,c_7-27,c_7-55,c_7-58,c_9-57,c_9-59,c_10-12,c_10-15,c_10-55,c_10-57,c_11-24,c_11-26,c_11-57,c_12-01,c_12-07,c_12-09,c_12-34,c_12-37,c_13-14,c_13-16,c_14-09,c_14-11,,,,,,,,,,
xNUx6ljuCeU,handball_game,g_7-08,g_7-10,g_8-36,g_8-40,g_9-57,g_10-00,g_13-04,g_13-07,g_14-33,g_14-36,g_14-48,g_14-50,g_15-50,g_15-52,g_16-42,g_16-44,c_5-03,c_5-04,c_5-31,c_5-32,c_6-06,c_6-12,c_6-47,c_6-49,c_8-06,c_8-08,c_9-00,c_9-02,c_10-41,c_10-44,c_11-15,c_11-17,c_11-34,c_11-37,c_13-28,c_13-30,c_13-54,c_13-55,c_14-56,c_14-59,c_,c_,c_,c_,c_,c_,c_,c_,c_,c_,c_,c_,,,,,,,,,,,,,,
KMBrXytv8cA,handball_game,g_3-26,g_3-28,g_3-45,g_3-47,g_4-55,g_4-57,g_5-52,g_5-54,g_6-49,g_6-51,g_7-54,g_7-56,g_11-44,g_11-46,c_0-59,c_1-01,c_1-17,c_1-20,c_1-40,c_1-42,c_2-12,c_2-15,c_3-03,c_3-06,c_3-54,c_3-56,c_5-46,c_5-49,c_6-34,c_6-36,c_8-50,c_8-52,c_9-35,c_9-39,c_10-14,c_10-17,c_10-26,c_10-29,c_11-11,c_11-12,c_11-23,c_11-25,c_,c_,c_,c_,c_,c_,c_,c_,,,,,,,,,,,,,,,,
STRP08FORPY,run_training,c_2-27,c_2-30,c_2-39,c_2-46,c_2-53,c_2-58,g_4-54,g_4-56,,,,,,,,,,,,,,,,,,,,,,,,,,,,,,,,,,,,,,,,,,,,,,,,,,,,,,,,,,
h56GYRYLP-g,run_training,c_2-47,c_2-50,c_5-07,c_5-13,,,,,,,,,,,,,,,,,,,,,,,,,,,,,,,,,,,,,,,,,,,,,,,,,,,,,,,,,,,,,,
QKjIMR2Kq88,run_training,c_1-50,c_1-54,g_1-58,g_2-00,c_2-00,c_2-02,c_2-09,c_2-14,c_8-21,c_8-27,,,,,,,,,,,,,,,,,,,,,,,,,,,,,,,,,,,,,,,,,,,,,,,,,,,,,,,,
p4KtZgEDWHs,run_training,c_1-13,c_1-19,c_2-31,c_2-34,,,,,,,,,,,,,,,,,,,,,,,,,,,,,,,,,,,,,,,,,,,,,,,,,,,,,,,,,,,,,,
UR8nFfLwtBc,run_training,g_6-55,g_6-58,c_7-40,c_7-44,,,,,,,,,,,,,,,,,,,,,,,,,,,,,,,,,,,,,,,,,,,,,,,,,,,,,,,,,,,,,,
KKV6p5RTjMs,run_training,g_2-14,g_2-19,,,,,,,,,,,,,,,,,,,,,,,,,,,,,,,,,,,,,,,,,,,,,,,,,,,,,,,,,,,,,,,,
BsIdOv9hkOM,workout_run,g_1-14,g_1-17,c_1-24,c_1-27,g_1-31,g_1-35,g_1-48,g_1-50,g_2-00,g_2-02,g_2-05,g_2-08,c_2-15,c_2-20,c_2-22,c_2-26,c_2-31,c_2-35,,,,,,,,,,,,,,,,,,,,,,,,,,,,,,,,,,,,,,,,,,,,,,,,
nyn9rgIGJz8,disassemble_a_pc,1-14,1-16,1-19,1-22,2-36,2-40,4-25,4-32,4-40,4-44,,,,,,,,,,,,,,,,,,,,,,,,,,,,,,,,,,,,,,,,,,,,,,,,,,,,,,,,
4WWtyLNLknk,disassemble_a_pc,4-25,4-32,4-43,4-49,,,,,,,,,,,,,,,,,,,,,,,,,,,,,,,,,,,,,,,,,,,,,,,,,,,,,,,,,,,,,,
LCA92WH9RR8,disassemble_a_pc,0-15,0-18,0-39,0-43,1-01,1-03,1-12,1-15,2-15,2-18,,,,,,,,,,,,,,,,,,,,,,,,,,,,,,,,,,,,,,,,,,,,,,,,,,,,,,,,
rOE8Wa5BeDY,disassemble_a_pc,0-52,0-55,1-36,1-41,2-20,2-27,2-34,2-37,2-39,2-43,,,,,,,,,,,,,,,,,,,,,,,,,,,,,,,,,,,,,,,,,,,,,,,,,,,,,,,,
rOE8Wa5BeDY,assemble_a_pc,2-27,2-30,,,,,,,,,,,,,,,,,,,,,,,,,,,,,,,,,,,,,,,,,,,,,,,,,,,,,,,,,,,,,,,,
pdsuaQxZD34,disassemble_a_pc,1-01,1-03,,,,,,,,,,,,,,,,,,,,,,,,,,,,,,,,,,,,,,,,,,,,,,,,,,,,,,,,,,,,,,,,
gOfmgk5tXVI,disassemble_a_pc,0-40,0-48,1-11,1-15,1-30,1-33,1-36,1-40,,,,,,,,,,,,,,,,,,,,,,,,,,,,,,,,,,,,,,,,,,,,,,,,,,,,,,,,,,
IumtZc7gG0E,disassemble_a_pc,1-7,1-11,5-30,5-39,6-0,6-4,6-34,6-43,7-37,7-39,,,,,,,,,,,,,,,,,,,,,,,,,,,,,,,,,,,,,,,,,,,,,,,,,,,,,,,,
IumtZc7gG0E,assemble_a_pc,6-16,6-19,9-19,9-23,11-30,11-35,,,,,,,,,,,,,,,,,,,,,,,,,,,,,,,,,,,,,,,,,,,,,,,,,,,,,,,,,,,,
if_qq-co1Gw,disassemble_a_pc,1-28,1-34,1-46,1-49,2-2,2-6,,,,,,,,,,,,,,,,,,,,,,,,,,,,,,,,,,,,,,,,,,,,,,,,,,,,,,,,,,,,
WTDoHcMc64k,disassemble_a_pc,0-36,0-39,1-8,1-10,1-12,1-17,1-32,1-36,,,,,,,,,,,,,,,,,,,,,,,,,,,,,,,,,,,,,,,,,,,,,,,,,,,,,,,,,,
ViLdaJlpfSY,disassemble_a_pc,1-54,2-0,,,,,,,,,,,,,,,,,,,,,,,,,,,,,,,,,,,,,,,,,,,,,,,,,,,,,,,,,,,,,,,,
QFzmeq4XWIk,disassemble_a_pc,0-32,0-36,1-5,1-10,2-2,2-10,2-34,2-39,,,,,,,,,,,,,,,,,,,,,,,,,,,,,,,,,,,,,,,,,,,,,,,,,,,,,,,,,,
fiHCDAQo1As,disassemble_a_pc,1-8,1-19,1-44,1-48,7-33,7-41,8-59,9-7,9-59,10-2,,,,,,,,,,,,,,,,,,,,,,,,,,,,,,,,,,,,,,,,,,,,,,,,,,,,,,,,
vRiC4C2sjH0,disassemble_a_pc,0-57,1-9,1-44,1-48,2-3,2-8,2-23,2-26,,,,,,,,,,,,,,,,,,,,,,,,,,,,,,,,,,,,,,,,,,,,,,,,,,,,,,,,,,
b5-oIhj2ew4,disassemble_a_pc,0-52,0-58,1-22,1-25,1-41,1-47,,,,,,,,,,,,,,,,,,,,,,,,,,,,,,,,,,,,,,,,,,,,,,,,,,,,,,,,,,,,
EUqLwHUO4go,disassemble_a_pc,1-38,1-48,2-38,2-47,2-51,2-57,,,,,,,,,,,,,,,,,,,,,,,,,,,,,,,,,,,,,,,,,,,,,,,,,,,,,,,,,,,,
YoHfPc9fOlI,disassemble_a_pc,0-42,0-47,1-15,1-20,1-55,1-59,2-12,2-14,2-23,2-27,,,,,,,,,,,,,,,,,,,,,,,,,,,,,,,,,,,,,,,,,,,,,,,,,,,,,,,,
EwkfnTGHi8U,disassemble_a_pc,0-39,0-43,1-0,1-4,1-25,1-29,1-44,1-48,2-6,2-10,2-26,2-31,2-57,3-0,,,,,,,,,,,,,,,,,,,,,,,,,,,,,,,,,,,,,,,,,,,,,,,,,,,,
EwkfnTGHi8U,assemble_a_pc,3-43,3-46,4-3,4-9,5-21,5-25,5-25,5-30,5-30,5-34,,,,,,,,,,,,,,,,,,,,,,,,,,,,,,,,,,,,,,,,,,,,,,,,,,,,,,,,
WVwQFqighHc,disassemble_a_pc,2-20,2-22,6-57,7-0,8-7,8-12,8-48,8-55,9-9,9-15,,,,,,,,,,,,,,,,,,,,,,,,,,,,,,,,,,,,,,,,,,,,,,,,,,,,,,,,
WVwQFqighHc,assemble_a_pc,9-38,9-43,11-3,11-19,,,,,,,,,,,,,,,,,,,,,,,,,,,,,,,,,,,,,,,,,,,,,,,,,,,,,,,,,,,,,,
AtF_PBLhslY,disassemble_a_pc,1-21,1-24,1-34,1-37,2-22,2-27,3-42,3-47,6-2,6-19,,,,,,,,,,,,,,,,,,,,,,,,,,,,,,,,,,,,,,,,,,,,,,,,,,,,,,,,
AtF_PBLhslY,assemble_a_pc,12-28,12-33,,,,,,,,,,,,,,,,,,,,,,,,,,,,,,,,,,,,,,,,,,,,,,,,,,,,,,,,,,,,,,,,
K44YlCbMFWQ,disassemble_a_pc,0-29,0-31,1-53,1-56,5-2,5-5,5-26,5-39,5-41,5-44,,,,,,,,,,,,,,,,,,,,,,,,,,,,,,,,,,,,,,,,,,,,,,,,,,,,,,,,
K44YlCbMFWQ,assemble_a_pc,5-45,5-49,,,,,,,,,,,,,,,,,,,,,,,,,,,,,,,,,,,,,,,,,,,,,,,,,,,,,,,,,,,,,,,,
JDTBb9AQ9Lw,disassemble_a_pc,0-19,0-26,0-47,0-51,1-5,1-8,1-50,1-56,3-4,3-7,4-41,4-51,4-58,5-11,6-57,7-11,,,,,,,,,,,,,,,,,,,,,,,,,,,,,,,,,,,,,,,,,,,,,,,,,,
QbVveeWKq9c,disassemble_a_pc,1-49,1-52,3-38,3-43,4-5,4-11,4-28,4-31,6-13,6-15,,,,,,,,,,,,,,,,,,,,,,,,,,,,,,,,,,,,,,,,,,,,,,,,,,,,,,,,
QbVveeWKq9c,assemble_a_pc,5-15,5-19,5-45,5-49,6-19,6-21,6-21,6-25,6-32,6-39,7-53,7-57,9-22,9-25,,,,,,,,,,,,,,,,,,,,,,,,,,,,,,,,,,,,,,,,,,,,,,,,,,,,
rIwKGkgeoaA,disassemble_a_pc,3-19,3-24,,,,,,,,,,,,,,,,,,,,,,,,,,,,,,,,,,,,,,,,,,,,,,,,,,,,,,,,,,,,,,,,
rIwKGkgeoaA,assemble_a_pc,3-35,3-41,6-4,6-8,,,,,,,,,,,,,,,,,,,,,,,,,,,,,,,,,,,,,,,,,,,,,,,,,,,,,,,,,,,,,,
X5WKKJmBs-4,disassemble_a_pc,4-25,4-29,4-43,4-45,5-18,5-21,5-57,6-2,6-34,6-37,6-48,6-51,7-47,7-51,,,,,,,,,,,,,,,,,,,,,,,,,,,,,,,,,,,,,,,,,,,,,,,,,,,,
X5WKKJmBs-4,assemble_a_pc,7-25,7-29,8-56,9-0,9-20,9-24,10-5,10-15,10-14,10-20,,,,,,,,,,,,,,,,,,,,,,,,,,,,,,,,,,,,,,,,,,,,,,,,,,,,,,,,
RDYpW5APovw,disassemble_a_pc,1-25,1-32,2-24,2-30,3-47,3-52,4-27,4-33,,,,,,,,,,,,,,,,,,,,,,,,,,,,,,,,,,,,,,,,,,,,,,,,,,,,,,,,,,
RDYpW5APovw,assemble_a_pc,5-56,6-4,6-44,6-55,8-50,8-55,8-58,9-0,9-23,9-27,11-4,11-7,,,,,,,,,,,,,,,,,,,,,,,,,,,,,,,,,,,,,,,,,,,,,,,,,,,,,,
EDxDo5fEPQc,disassemble_a_pc,3-25,3-35,4-0,4-4,,,,,,,,,,,,,,,,,,,,,,,,,,,,,,,,,,,,,,,,,,,,,,,,,,,,,,,,,,,,,,
Cw4YB-EVmrI,disassemble_a_pc,0-40,0-42,1-19,1-23,1-31,1-37,2-2,2-5,2-15,2-19,,,,,,,,,,,,,,,,,,,,,,,,,,,,,,,,,,,,,,,,,,,,,,,,,,,,,,,,
pjkac5hq_Wk,disassemble_a_pc,0-26,0-29,0-39,0-42,0-47,0-49,0-51,0-54,1-8,1-11,2-40,2-42,,,,,,,,,,,,,,,,,,,,,,,,,,,,,,,,,,,,,,,,,,,,,,,,,,,,,,
wVU8J0ViPSc,disassemble_a_pc,1-23,1-25,2-1,2-4,2-11,2-16,,,,,,,,,,,,,,,,,,,,,,,,,,,,,,,,,,,,,,,,,,,,,,,,,,,,,,,,,,,,
ibsZn2lyv4E,disassemble_a_pc,1-12,1-25,2-50,2-52,3-1,3-13,,,,,,,,,,,,,,,,,,,,,,,,,,,,,,,,,,,,,,,,,,,,,,,,,,,,,,,,,,,,
pC9t2-WYQe0,disassemble_a_pc,0-47,0-50,1-30,1-35,2-9,2-17,2-38,2-43,2-53,2-55,,,,,,,,,,,,,,,,,,,,,,,,,,,,,,,,,,,,,,,,,,,,,,,,,,,,,,,,
3dRmZABiZP4,smartphone_assemble,0-19,0-20,1-24,1-26,2-9,2-12,2-43,2-46,3-14,3-17,3-38,3-40,3-56,4-2,4-38,4-39,6-27,6-31,7-29,7-35,7-44,7-51,,,,,,,,,,,,,,,,,,,,,,,,,,,,,,,,,,,,,,,,,,,,
JBmPAMyqOS8,smartphone_assemble,0-19,0-40,0-43,0-57,4-32,4-36,4-49,4-59,5-13,5-32,7-45,7-51,10-59,11-8,,,,,,,,,,,,,,,,,,,,,,,,,,,,,,,,,,,,,,,,,,,,,,,,,,,,
TluPumoMIG0,smartphone_assemble,0-1,0-6,0-11,0-16,1-10,1-16,1-27,1-32,1-51,1-54,3-45,3-50,3-57,4-3,4-3,4-6,5-43,5-51,,,,,,,,,,,,,,,,,,,,,,,,,,,,,,,,,,,,,,,,,,,,,,,,
TluPumoMIG0,smartphone_disassemble,1-24,1-26,,,,,,,,,,,,,,,,,,,,,,,,,,,,,,,,,,,,,,,,,,,,,,,,,,,,,,,,,,,,,,,,
yzLU9ucHFn4,smartphone_assemble,0-58,1-4,2-48,2-52,3-40,3-44,3-56,4-3,4-6,4-12,4-41,4-51,4-52,4-57,5-37,5-49,,,,,,,,,,,,,,,,,,,,,,,,,,,,,,,,,,,,,,,,,,,,,,,,,,
usIfE_9uCj4,smartphone_assemble,0-36,0-43,2-20,2-29,2-33,2-39,3-18,3-27,3-49,3-55,3-56,4-16,,,,,,,,,,,,,,,,,,,,,,,,,,,,,,,,,,,,,,,,,,,,,,,,,,,,,,
wEGIyDDiwsA,smartphone_assemble,1-9,1-21,3-36,3-43,,,,,,,,,,,,,,,,,,,,,,,,,,,,,,,,,,,,,,,,,,,,,,,,,,,,,,,,,,,,,,
63-cXm6b3Rg,smartphone_assemble,0-28,0-36,0-42,0-47,1-4,1-9,1-19,1-24,2-49,3-23,3-47,3-50,,,,,,,,,,,,,,,,,,,,,,,,,,,,,,,,,,,,,,,,,,,,,,,,,,,,,,
o1y7LKXe7fM,smartphone_assemble,1-19,1-29,2-34,2-44,3-5,3-13,4-6,4-14,4-34,4-41,5-7,5-15,6-47,6-58,8-27,8-30,8-30,8-33,,,,,,,,,,,,,,,,,,,,,,,,,,,,,,,,,,,,,,,,,,,,,,,,
o1y7LKXe7fM,smartphone_disassemble,4-41,4-53,5-15,5-28,5-45,5-52,6-1,,,,,,,,,,,,,,,,,,,,,,,,,,,,,,,,,,,,,,,,,,,,,,,,,,,,,,,,,,,
uLrj7sa6E5I,smartphone_assemble,0-39,0-43,0-47,0-50,0-50,0-54,1-14,1-18,1-22,1-25,1-35,1-37,1-37,1-39,1-42,1-44,,,,,,,,,,,,,,,,,,,,,,,,,,,,,,,,,,,,,,,,,,,,,,,,,,
YVxmzJyC41Y,smartphone_assemble,1-16,1-26,3-58,4-0,4-20,4-38,5-17,5-30,6-39,6-53,8-58,9-6,,,,,,,,,,,,,,,,,,,,,,,,,,,,,,,,,,,,,,,,,,,,,,,,,,,,,,
YVxmzJyC41Y,smartphone_disassemble,5-4,5-18,,,,,,,,,,,,,,,,,,,,,,,,,,,,,,,,,,,,,,,,,,,,,,,,,,,,,,,,,,,,,,,,
EvIyrDtwbtM,smartphone_assemble,0-0,0-3,0-6,0-11,0-17,0-20,4-23,4-33,5-44,5-51,,,,,,,,,,,,,,,,,,,,,,,,,,,,,,,,,,,,,,,,,,,,,,,,,,,,,,,,
cRs5fMmBrmY,smartphone_assemble,0-44,1-6,,,,,,,,,,,,,,,,,,,,,,,,,,,,,,,,,,,,,,,,,,,,,,,,,,,,,,,,,,,,,,,,
FUbFwt9fX6k,smartphone_assemble,0-16,0-18,0-28,0-30,0-30,0-32,0-32,0-33,0-33,0-42,0-43,0-45,0-48,0-50,0-58,1-0,1-0,1-2,,,,,,,,,,,,,,,,,,,,,,,,,,,,,,,,,,,,,,,,,,,,,,,,
jNrtamZuf7E,smartphone_disassemble,0-41,0-44,1-29,1-38,1-41,1-43,1-45,1-47,1-51,1-53,1-56,1-58,2-2,2-5,2-12,2-14,2-15,2-19,2-27,2-29,2-45,2-49,2-50,2-54,,,,,,,,,,,,,,,,,,,,,,,,,,,,,,,,,,,,,,,,,,
6C8JhHE01xc,smartphone_disassemble,0-16,0-18,0-20,0-22,0-59,1-2,1-52,1-54,2-21,2-27,3-19,3-21,3-33,3-36,3-42,3-46,,,,,,,,,,,,,,,,,,,,,,,,,,,,,,,,,,,,,,,,,,,,,,,,,,
6C8JhHE01xc,smartphone_assemble,3-27,3-29,3-51,3-53,4-1,4-4,4-26,4-28,4-34,4-38,5-14,5-16,5-31,5-33,5-35,5-37,5-39,5-43,5-48,5-51,,,,,,,,,,,,,,,,,,,,,,,,,,,,,,,,,,,,,,,,,,,,,,
FOTstTfIbHQ,smartphone_disassemble,1-26,1-28,3-28,3-43,4-1,4-3,4-17,4-22,7-7,7-12,7-33,7-47,,,,,,,,,,,,,,,,,,,,,,,,,,,,,,,,,,,,,,,,,,,,,,,,,,,,,,
FsCQySoLKzY,smartphone_disassemble,0-16,0-18,0-20,0-22,0-59,1-2,1-51,1-55,2-21,2-27,3-19,3-21,3-30,3-32,3-32,3-36,3-46,5-29,5-31,,,,,,,,,,,,,,,,,,,,,,,,,,,,,,,,,,,,,,,,,,,,,,,
FsCQySoLKzY,smartphone_assemble,3-27,3-29,3-50,3-53,4-1,4-4,4-12,4-24,4-26,4-28,4-33,4-37,5-14,5-16,5-20,5-25,5-26,5-28,5-32,5-35,5-35,5-40,5-39,5-43,5-48,5-51,,,,,,,,,,,,,,,,,,,,,,,,,,,,,,,,,,,,,,,,
lErQgxuo4PE,smartphone_disassemble,2-13,2-17,2-43,2-45,4-1,4-8,4-12,4-17,4-21,4-29,4-42,4-44,5-11,5-14,5-34,5-44,5-57,5-59,6-10,6-15,6-34,6-45,6-51,6-55,7-25,7-29,7-50,7-54,,,,,,,,,,,,,,,,,,,,,,,,,,,,,,,,,,,,,,
NmskWXaGyQw,smartphone_disassemble,0-48,0-52,,,,,,,,,,,,,,,,,,,,,,,,,,,,,,,,,,,,,,,,,,,,,,,,,,,,,,,,,,,,,,,,
OQo0o--bQVI,smartphone_disassemble,0-37,0-40,3-32,3-34,3-44,3-46,4-56,5-2,6-6,6-9,6-19,6-28,8-10,8-16,,,,,,,,,,,,,,,,,,,,,,,,,,,,,,,,,,,,,,,,,,,,,,,,,,,,
OQo0o--bQVI,smartphone_assemble,4-28,4-30,,,,,,,,,,,,,,,,,,,,,,,,,,,,,,,,,,,,,,,,,,,,,,,,,,,,,,,,,,,,,,,,
4lJ9CApKsyk,smartphone_disassemble,0-14,0-17,0-18,0-20,1-59,2-4,3-7,3-9,4-42,4-46,4-57,5-3,7-36,7-49,7-57,8-1,,,,,,,,,,,,,,,,,,,,,,,,,,,,,,,,,,,,,,,,,,,,,,,,,,
tVTyjtOpzM4,smartphone_disassemble,2-51,2-55,5-31,5-38,5-46,5-49,5-53,5-58,5-58,6-1,6-18,6-20,6-37,6-39,6-44,6-46,6-47,6-59,,,,,,,,,,,,,,,,,,,,,,,,,,,,,,,,,,,,,,,,,,,,,,,,
ON8Nq10jl-Y,smartphone_disassemble,2-2,2-8,2-15,2-17,4-57,5-0,6-6,6-11,9-24,9-26,,,,,,,,,,,,,,,,,,,,,,,,,,,,,,,,,,,,,,,,,,,,,,,,,,,,,,,,
ON8Nq10jl-Y,smartphone_assemble,6-20,6-32,7-22,7-25,9-20,9-22,9-49,9-59,,,,,,,,,,,,,,,,,,,,,,,,,,,,,,,,,,,,,,,,,,,,,,,,,,,,,,,,,,
pDkvz9fUgNI,smartphone_disassemble,0-20,0-24,0-26,0-32,1-25,1-29,1-40,1-43,1-47,1-49,2-21,2-25,2-38,2-54,4-30,4-41,4-57,4-59,5-3,5-5,5-13,5-15,5-24,5-26,,,,,,,,,,,,,,,,,,,,,,,,,,,,,,,,,,,,,,,,,,
GgPoAc8bzvE,smartphone_disassemble,1-31,1-33,1-46,1-51,2-30,2-32,2-43,2-45,2-52,2-54,3-9,3-13,3-29,3-35,,,,,,,,,,,,,,,,,,,,,,,,,,,,,,,,,,,,,,,,,,,,,,,,,,,,
JgQTVLWlHFo,smartphone_disassemble,1-47,1-58,4-5,4-10,4-33,4-44,4-44,4-51,4-53,5-3,5-19,5-21,5-45,5-50,7-52,8-7,9-49,10-5,10-11,10-21,10-39,10-41,10-55,10-57,,,,,,,,,,,,,,,,,,,,,,,,,,,,,,,,,,,,,,,,,,
q57SNwEvl0s,smartphone_disassemble,0-29,0-33,0-35,0-38,1-37,1-44,1-59,2-1,2-9,2-14,2-40,2-42,2-56,2-58,3-15,3-31,3-32,3-34,3-36,3-48,3-54,3-58,4-7,4-10,4-15,4-19,,,,,,,,,,,,,,,,,,,,,,,,,,,,,,,,,,,,,,,,
q57SNwEvl0s,smartphone_assemble,4-2,4-5,,,,,,,,,,,,,,,,,,,,,,,,,,,,,,,,,,,,,,,,,,,,,,,,,,,,,,,,,,,,,,,,
LUbLi3v9Vw8,smartphone_disassemble,0-17,0-19,0-34,0-38,1-59,2-10,,,,,,,,,,,,,,,,,,,,,,,,,,,,,,,,,,,,,,,,,,,,,,,,,,,,,,,,,,,,
2LRUqFWQVRI,assemble_a_pc,2-30,2-32,2-35,2-38,2-58,3-2,3-17,3-19,,,,,,,,,,,,,,,,,,,,,,,,,,,,,,,,,,,,,,,,,,,,,,,,,,,,,,,,,,
LjcaY1dFjl4,assemble_a_pc,12-51,12-55,13-5,13-6,13-13,13-15,,,,,,,,,,,,,,,,,,,,,,,,,,,,,,,,,,,,,,,,,,,,,,,,,,,,,,,,,,,,
LjcaY1dFjl4,disassemble_a_pc,13-14,13-17,13-17,13-20,,,,,,,,,,,,,,,,,,,,,,,,,,,,,,,,,,,,,,,,,,,,,,,,,,,,,,,,,,,,,,
6pDRtMDMiwM,assemble_a_pc,4-16,4-19,4-52,4-54,6-0,6-4,6-29,6-34,6-51,6-54,7-12,7-17,7-18,7-21,7-29,7-32,7-35,7-37,7-58,8-3,8-9,8-11,8-14,8-45,8-49,9-14,9-16,9-40,9-46,10-16,10-19,10-29,10-32,10-47,10-50,11-38,11-41,11-47,11-49,12-2,12-4,12-23,12-31,12-48,12-50,,,,,,,,,,,,,,,,,,,,,
6pDRtMDMiwM,disassemble_a_pc,8-3,8-5,8-10,8-12,,,,,,,,,,,,,,,,,,,,,,,,,,,,,,,,,,,,,,,,,,,,,,,,,,,,,,,,,,,,,,
H95ZJYVczbE,assemble_a_pc,1-13,1-19,1-21,1-24,1-26,1-28,1-42,1-46,1-49,1-52,3-58,4-4,4-8,4-13,5-3,5-9,5-24,5-31,5-32,5-41,6-22,6-24,6-42,6-45,7-30,7-41,8-20,8-22,8-23,8-26,8-30,8-33,8-43,8-47,8-50,8-55,9-3,9-5,9-21,9-24,9-46,9-51,9-51,9-54,,,,,,,,,,,,,,,,,,,,,,
H95ZJYVczbE,disassemble_a_pc,1-19,1-21,1-24,1-26,3-19,3-22,7-21,7-23,8-21,8-23,8-40,8-42,9-50,9-52,,,,,,,,,,,,,,,,,,,,,,,,,,,,,,,,,,,,,,,,,,,,,,,,,,,,
bJAVkoPFTp8,disassemble_a_pc,4-42,4-46,,,,,,,,,,,,,,,,,,,,,,,,,,,,,,,,,,,,,,,,,,,,,,,,,,,,,,,,,,,,,,,,
6ErvllbQntY,assemble_a_pc,1-1,1-5,1-11,1-15,1-25,1-30,1-48,1-50,3-6,3-9,3-26,3-37,,,,,,,,,,,,,,,,,,,,,,,,,,,,,,,,,,,,,,,,,,,,,,,,,,,,,,
EbX8D1Jz0Dk,assemble_a_pc,1-30,1-33,1-49,1-53,2-0,2-4,2-6,2-8,2-10,2-12,2-20,2-22,2-27,2-31,2-42,2-48,2-56,2-59,3-0,3-6,3-8,3-13,3-14,3-18,3-23,3-26,3-28,3-32,3-32,3-36,3-37,3-41,3-42,3-45,4-29,4-33,,,,,,,,,,,,,,,,,,,,,,,,,,,,,,
EbX8D1Jz0Dk,disassemble_a_pc,1-36,1-38,3-35,3-37,,,,,,,,,,,,,,,,,,,,,,,,,,,,,,,,,,,,,,,,,,,,,,,,,,,,,,,,,,,,,,
Ux9t2y-oeLU,assemble_a_pc,5-23,5-33,5-54,5-59,6-24,6-27,,,,,,,,,,,,,,,,,,,,,,,,,,,,,,,,,,,,,,,,,,,,,,,,,,,,,,,,,,,,
Ux9t2y-oeLU,disassemble_a_pc,4-44,4-46,,,,,,,,,,,,,,,,,,,,,,,,,,,,,,,,,,,,,,,,,,,,,,,,,,,,,,,,,,,,,,,,
O6jggm7JEQQ,assemble_a_pc,4-4,4-6,4-8,4-10,4-9,4-11,4-13,4-15,4-19,4-21,4-20,4-24,4-24,4-28,4-28,4-30,4-33,4-36,4-36,4-38,4-40,4-42,4-42,4-44,4-47,4-49,,,,,,,,,,,,,,,,,,,,,,,,,,,,,,,,,,,,,,,,
O6jggm7JEQQ,disassemble_a_pc,4-5,4-7,4-15,4-17,4-18,4-20,4-39,4-41,,,,,,,,,,,,,,,,,,,,,,,,,,,,,,,,,,,,,,,,,,,,,,,,,,,,,,,,,,
3meyvNrL1Bk,assemble_a_pc,3-22,3-27,4-38,4-42,5-33,5-37,6-20,6-23,6-33,6-35,6-39,6-44,7-2,7-7,7-42,7-47,8-2,8-6,8-38,8-42,9-17,9-20,9-28,9-32,10-3,10-7,10-30,10-34,11-47,11-59,12-48,12-50,12-54,12-56,13-14,13-16,13-34,13-36,13-46,13-48,,,,,,,,,,,,,,,,,,,,,,,,,,
iGUshX85ZBk,assemble_a_pc,0-17,0-20,0-49,1-0,,,,,,,,,,,,,,,,,,,,,,,,,,,,,,,,,,,,,,,,,,,,,,,,,,,,,,,,,,,,,,
cc15kwLn2B8,assemble_a_pc,4-39,4-31,4-56,4-58,5-28,5-30,5-37,5-39,6-10,6-12,6-15,6-17,,,,,,,,,,,,,,,,,,,,,,,,,,,,,,,,,,,,,,,,,,,,,,,,,,,,,,
dX5bwhmjUjE,assemble_a_pc,1-41,1-43,2-19,2-24,2-28,2-30,5-12,5-14,5-35,5-37,5-49,5-57,8-38,8-41,8-42,8-44,8-51,8-53,10-32,10-34,10-47,10-49,,,,,,,,,,,,,,,,,,,,,,,,,,,,,,,,,,,,,,,,,,,,
p2Tq98jVgPw,assemble_a_pc,1-52,1-54,2-15,2-18,4-11,4-19,4-27,4-32,5-22,5-31,6-29,6-34,7-17,7-19,7-25,7-28,8-16,8-18,8-43,8-45,9-10,9-13,9-31,9-36,10-51,10-53,11-4,11-6,11-12,11-14,11-32,11-43,12-12,12-16,,,,,,,,,,,,,,,,,,,,,,,,,,,,,,,,
0pXWPZNjGbg,assemble_a_pc,2-24,2-27,2-27,2-31,3-43,3-51,4-12,4-20,4-24,4-32,4-48,4-51,4-55,5-2,5-2,5-7,5-27,5-33,5-48,5-51,6-20,6-22,6-22,6-24,6-24,6-26,6-25,6-27,6-29,6-31,6-31,6-33,6-36,6-40,6-53,6-57,7-6,7-10,7-14,7-22,7-48,7-52,7-56,8-3,8-39,8-42,9-5,9-8,10-21,10-24,10-36,10-38,10-48,10-53,,,,,,,,,,,,
0pXWPZNjGbg,disassemble_a_pc,2-47,2-50,2-59,3-2,3-33,3-35,4-43,4-46,4-45,4-47,7-4,7-7,,,,,,,,,,,,,,,,,,,,,,,,,,,,,,,,,,,,,,,,,,,,,,,,,,,,,,
hB2usZC6cIY,assemble_a_pc,0-40,0-42,1-5,1-7,3-19,3-21,,,,,,,,,,,,,,,,,,,,,,,,,,,,,,,,,,,,,,,,,,,,,,,,,,,,,,,,,,,,
hB2usZC6cIY,disassemble_a_pc,1-3,1-5,,,,,,,,,,,,,,,,,,,,,,,,,,,,,,,,,,,,,,,,,,,,,,,,,,,,,,,,,,,,,,,,
pAzcRcjoAjk,assemble_a_pc,0-33,0-40,0-42,0-51,0-58,1-6,1-7,1-12,,,,,,,,,,,,,,,,,,,,,,,,,,,,,,,,,,,,,,,,,,,,,,,,,,,,,,,,,,
5ft8AhJ9bLY,assemble_a_pc,0-42,1-9,1-22,1-39,2-48,2-50,3-8,3-10,3-23,3-40,4-59,5-6,6-24,6-39,6-49,6-58,,,,,,,,,,,,,,,,,,,,,,,,,,,,,,,,,,,,,,,,,,,,,,,,,,
5ft8AhJ9bLY,disassemble_a_pc,1-14,1-17,1-18,1-20,1-40,1-43,2-46,2-49,3-2,3-4,3-3,3-7,3-9,3-11,3-45,3-50,,,,,,,,,,,,,,,,,,,,,,,,,,,,,,,,,,,,,,,,,,,,,,,,,,
5hPCOlnNpoc,assemble_a_pc,1-43,1-47,2-18,2-23,2-28,2-32,3-28,3-31,3-33,3-35,4-17,4-21,4-23,4-25,4-33,4-37,4-46,4-50,6-26,6-28,6-41,6-44,,,,,,,,,,,,,,,,,,,,,,,,,,,,,,,,,,,,,,,,,,,,
5hPCOlnNpoc,disassemble_a_pc,2-22,2-24,,,,,,,,,,,,,,,,,,,,,,,,,,,,,,,,,,,,,,,,,,,,,,,,,,,,,,,,,,,,,,,,
H_KvUplcL7c,assemble_a_pc,0-3,0-11,0-18,0-26,0-32,0-39,2-29,2-33,2-58,3-8,,,,,,,,,,,,,,,,,,,,,,,,,,,,,,,,,,,,,,,,,,,,,,,,,,,,,,,,
H_KvUplcL7c,disassemble_a_pc,0-30,0-32,,,,,,,,,,,,,,,,,,,,,,,,,,,,,,,,,,,,,,,,,,,,,,,,,,,,,,,,,,,,,,,,
Lwt8_dYqGk0,assemble_a_pc,0-10,0-13,0-29,0-32,0-41,0-46,0-56,1-1,1-9,1-12,1-19,1-24,1-36,1-42,1-52,2-4,2-12,2-18,2-49,2-52,2-59,3-5,3-17,3-20,,,,,,,,,,,,,,,,,,,,,,,,,,,,,,,,,,,,,,,,,,
Lwt8_dYqGk0,disassemble_a_pc,1-42,1-44,,,,,,,,,,,,,,,,,,,,,,,,,,,,,,,,,,,,,,,,,,,,,,,,,,,,,,,,,,,,,,,,
dL4cbbNA4I0,assemble_a_pc,0-22,0-24,0-24,0-26,0-26,0-28,0-48,0-50,0-54,0-56,1-11,1-13,1-15,1-21,1-40,1-42,1-45,1-47,1-47,1-49,1-48,1-50,2-1,2-3,2-35,2-37,2-39,2-41,2-48,2-50,3-1,3-3,3-7,3-9,3-13,3-17,3-30,3-33,3-36,3-38,3-41,3-43,,,,,,,,,,,,,,,,,,,,,,,,
dL4cbbNA4I0,disassemble_a_pc,3-36,3-38,,,,,,,,,,,,,,,,,,,,,,,,,,,,,,,,,,,,,,,,,,,,,,,,,,,,,,,,,,,,,,,,
ttKYlJNjXZY,assemble_a_pc,3-13,3-18,,,,,,,,,,,,,,,,,,,,,,,,,,,,,,,,,,,,,,,,,,,,,,,,,,,,,,,,,,,,,,,,
ttKYlJNjXZY,disassemble_a_pc,2-44,2-47,2-48,2-50,3-0,3-2,3-9,3-11,3-19,3-21,,,,,,,,,,,,,,,,,,,,,,,,,,,,,,,,,,,,,,,,,,,,,,,,,,,,,,,,
